{
    "users": {
        "umer": {
            "email": "umerf2700@gmail.com",
            "password": "11111111",
            "history": [
                {
                    "transport": 12.0,
                    "electricity": 1.0,
                    "waste": 32.0,
                    "total": 57.9,
                    "breakdown": {
                        "Transport": 27.599999999999998,
                        "Electricity": 1.5,
                        "Waste": 28.8
                    }
                },
                {
                    "transport": 12.0,
                    "electricity": 3.0,
                    "waste": 2.0,
                    "total": 33.9,
                    "breakdown": {
                        "Transport": 27.599999999999998,
                        "Electricity": 4.5,
                        "Waste": 1.8
                    }
                },
                {
                    "transport": 12.0,
                    "electricity": 3.0,
                    "waste": 2.0,
                    "total": 33.9,
                    "breakdown": {
                        "Transport": 27.599999999999998,
                        "Electricity": 4.5,
                        "Waste": 1.8
                    }
                },
                {
                    "transport": 12.0,
                    "electricity": 3.0,
                    "waste": 2.0,
                    "total": 33.9,
                    "breakdown": {
                        "Transport": 27.599999999999998,
                        "Electricity": 4.5,
                        "Waste": 1.8
                    }
                },
                {
                    "transport": 12.0,
                    "electricity": 3.0,
                    "waste": 2.0,
                    "total": 33.9,
                    "breakdown": {
                        "Transport": 27.599999999999998,
                        "Electricity": 4.5,
                        "Waste": 1.8
                    }
                },
                {
                    "transport": 12.0,
                    "electricity": 3.0,
                    "waste": 2.0,
                    "total": 33.9,
                    "breakdown": {
                        "Transport": 27.599999999999998,
                        "Electricity": 4.5,
                        "Waste": 1.8
                    }
                },
                {
                    "transport": 12.0,
                    "electricity": 3.0,
                    "waste": 2.0,
                    "total": 33.9,
                    "breakdown": {
                        "Transport": 27.599999999999998,
                        "Electricity": 4.5,
                        "Waste": 1.8
                    }
                },
                {
                    "transport": 12.0,
                    "electricity": 3.0,
                    "waste": 2.0,
                    "total": 33.9,
                    "breakdown": {
                        "Transport": 27.599999999999998,
                        "Electricity": 4.5,
                        "Waste": 1.8
                    }
                }
            ],
            "profile_picture": "3ce624eea35321e771ef1a64ab126a38.jpg",
            "username": "umer"
        }
    }
}